dateRep,Region_Cluster,deaths_pct_MA7
1/3/2020,Asia-Pacific,86.9%
2/3/2020,Asia-Pacific,80.4%
3/3/2020,Asia-Pacific,73.9%
4/3/2020,Asia-Pacific,67.1%
5/3/2020,Asia-Pacific,61.9%
6/3/2020,Asia-Pacific,55.0%
7/3/2020,Asia-Pacific,47.4%
8/3/2020,Asia-Pacific,43.4%
9/3/2020,Asia-Pacific,31.3%
10/3/2020,Asia-Pacific,24.8%
11/3/2020,Asia-Pacific,19.6%
12/3/2020,Asia-Pacific,15.0%
13/3/2020,Asia-Pacific,11.2%
14/3/2020,Asia-Pacific,9.2%
15/3/2020,Asia-Pacific,7.1%
16/3/2020,Asia-Pacific,5.7%
17/3/2020,Asia-Pacific,4.9%
18/3/2020,Asia-Pacific,4.0%
19/3/2020,Asia-Pacific,3.3%
20/3/2020,Asia-Pacific,3.3%
21/3/2020,Asia-Pacific,2.6%
22/3/2020,Asia-Pacific,2.4%
23/3/2020,Asia-Pacific,2.4%
24/3/2020,Asia-Pacific,2.2%
25/3/2020,Asia-Pacific,1.9%
26/3/2020,Asia-Pacific,1.8%
27/3/2020,Asia-Pacific,1.7%
28/3/2020,Asia-Pacific,1.6%
29/3/2020,Asia-Pacific,1.5%
30/3/2020,Asia-Pacific,1.4%
31/3/2020,Asia-Pacific,1.4%
1/4/2020,Asia-Pacific,1.3%
2/4/2020,Asia-Pacific,1.3%
3/4/2020,Asia-Pacific,1.3%
4/4/2020,Asia-Pacific,1.3%
5/4/2020,Asia-Pacific,1.2%
6/4/2020,Asia-Pacific,1.2%
7/4/2020,Asia-Pacific,1.2%
8/4/2020,Asia-Pacific,1.3%
9/4/2020,Asia-Pacific,1.2%
10/4/2020,Asia-Pacific,1.3%
11/4/2020,Asia-Pacific,1.3%
12/4/2020,Asia-Pacific,1.5%
13/4/2020,Asia-Pacific,1.6%
14/4/2020,Asia-Pacific,1.8%
15/4/2020,Asia-Pacific,1.9%
16/4/2020,Asia-Pacific,1.8%
17/4/2020,Asia-Pacific,4.3%
18/4/2020,Asia-Pacific,4.3%
19/4/2020,Asia-Pacific,4.1%
20/4/2020,Asia-Pacific,4.1%
21/4/2020,Asia-Pacific,4.1%
22/4/2020,Asia-Pacific,4.1%
23/4/2020,Asia-Pacific,4.7%
24/4/2020,Asia-Pacific,2.1%
25/4/2020,Asia-Pacific,2.3%
26/4/2020,Asia-Pacific,2.4%
27/4/2020,Asia-Pacific,2.4%
28/4/2020,Asia-Pacific,2.5%
29/4/2020,Asia-Pacific,2.6%
30/4/2020,Asia-Pacific,2.5%
1/5/2020,Asia-Pacific,2.7%
2/5/2020,Asia-Pacific,2.7%
3/5/2020,Asia-Pacific,2.9%
4/5/2020,Asia-Pacific,3.1%
5/5/2020,Asia-Pacific,3.5%
6/5/2020,Asia-Pacific,3.7%
7/5/2020,Asia-Pacific,3.9%
8/5/2020,Asia-Pacific,4.1%
9/5/2020,Asia-Pacific,4.2%
10/5/2020,Asia-Pacific,4.3%
11/5/2020,Asia-Pacific,4.4%
12/5/2020,Asia-Pacific,4.2%
13/5/2020,Asia-Pacific,4.2%
14/5/2020,Asia-Pacific,4.5%
15/5/2020,Asia-Pacific,4.6%
16/5/2020,Asia-Pacific,4.8%
17/5/2020,Asia-Pacific,4.8%
18/5/2020,Asia-Pacific,5.2%
19/5/2020,Asia-Pacific,5.5%
20/5/2020,Asia-Pacific,5.7%
21/5/2020,Asia-Pacific,5.6%
22/5/2020,Asia-Pacific,5.8%
23/5/2020,Asia-Pacific,6.0%
24/5/2020,Asia-Pacific,6.2%
25/5/2020,Asia-Pacific,6.1%
26/5/2020,Asia-Pacific,6.0%
27/5/2020,Asia-Pacific,6.3%
28/5/2020,Asia-Pacific,6.6%
29/5/2020,Asia-Pacific,6.9%
30/5/2020,Asia-Pacific,7.4%
31/5/2020,Asia-Pacific,7.8%
1/6/2020,Asia-Pacific,8.3%
2/6/2020,Asia-Pacific,8.7%
3/6/2020,Asia-Pacific,8.9%
4/6/2020,Asia-Pacific,9.2%
5/6/2020,Asia-Pacific,9.4%
6/6/2020,Asia-Pacific,9.6%
7/6/2020,Asia-Pacific,9.9%
8/6/2020,Asia-Pacific,9.8%
9/6/2020,Asia-Pacific,10.3%
10/6/2020,Asia-Pacific,10.6%
11/6/2020,Asia-Pacific,11.1%
12/6/2020,Asia-Pacific,11.9%
13/6/2020,Asia-Pacific,12.3%
14/6/2020,Asia-Pacific,12.4%
15/6/2020,Asia-Pacific,13.0%
16/6/2020,Asia-Pacific,13.2%
17/6/2020,Asia-Pacific,18.0%
18/6/2020,Asia-Pacific,18.0%
19/6/2020,Asia-Pacific,17.2%
20/6/2020,Asia-Pacific,17.1%
21/6/2020,Asia-Pacific,17.3%
22/6/2020,Asia-Pacific,17.2%
23/6/2020,Asia-Pacific,16.9%
24/6/2020,Asia-Pacific,12.8%
25/6/2020,Asia-Pacific,13.1%
26/6/2020,Asia-Pacific,12.9%
27/6/2020,Asia-Pacific,12.9%
28/6/2020,Asia-Pacific,12.9%
29/6/2020,Asia-Pacific,12.9%
30/6/2020,Asia-Pacific,13.3%
1/7/2020,Asia-Pacific,13.5%
2/7/2020,Asia-Pacific,13.6%
3/7/2020,Asia-Pacific,14.2%
4/7/2020,Asia-Pacific,14.1%
5/7/2020,Asia-Pacific,14.8%
6/7/2020,Asia-Pacific,15.0%
7/7/2020,Asia-Pacific,15.4%
8/7/2020,Asia-Pacific,15.1%
9/7/2020,Asia-Pacific,14.9%
10/7/2020,Asia-Pacific,15.1%
11/7/2020,Asia-Pacific,15.3%
12/7/2020,Asia-Pacific,15.0%
13/7/2020,Asia-Pacific,15.7%
14/7/2020,Asia-Pacific,15.5%
15/7/2020,Asia-Pacific,15.9%
16/7/2020,Asia-Pacific,16.3%
17/7/2020,Asia-Pacific,16.8%
18/7/2020,Asia-Pacific,18.3%
19/7/2020,Asia-Pacific,18.7%
20/7/2020,Asia-Pacific,18.7%
21/7/2020,Asia-Pacific,19.3%
22/7/2020,Asia-Pacific,19.2%
23/7/2020,Asia-Pacific,20.0%
24/7/2020,Asia-Pacific,18.5%
25/7/2020,Asia-Pacific,17.4%
26/7/2020,Asia-Pacific,17.0%
27/7/2020,Asia-Pacific,16.9%
28/7/2020,Asia-Pacific,16.2%
29/7/2020,Asia-Pacific,16.8%
30/7/2020,Asia-Pacific,15.8%
31/7/2020,Asia-Pacific,17.0%
1/8/2020,Asia-Pacific,17.0%
2/8/2020,Asia-Pacific,17.3%
3/8/2020,Asia-Pacific,17.8%
4/8/2020,Asia-Pacific,18.4%
5/8/2020,Asia-Pacific,18.0%
6/8/2020,Asia-Pacific,18.0%
7/8/2020,Asia-Pacific,18.0%
8/8/2020,Asia-Pacific,18.2%
9/8/2020,Asia-Pacific,18.4%
10/8/2020,Asia-Pacific,18.9%
11/8/2020,Asia-Pacific,18.7%
12/8/2020,Asia-Pacific,18.9%
13/8/2020,Asia-Pacific,19.4%
14/8/2020,Asia-Pacific,18.4%
15/8/2020,Asia-Pacific,18.6%
16/8/2020,Asia-Pacific,19.0%
17/8/2020,Asia-Pacific,18.4%
18/8/2020,Asia-Pacific,19.0%
19/8/2020,Asia-Pacific,19.3%
20/8/2020,Asia-Pacific,19.6%
21/8/2020,Asia-Pacific,21.5%
22/8/2020,Asia-Pacific,21.6%
23/8/2020,Asia-Pacific,21.4%
24/8/2020,Asia-Pacific,21.3%
25/8/2020,Asia-Pacific,21.2%
26/8/2020,Asia-Pacific,21.4%
27/8/2020,Asia-Pacific,21.7%
28/8/2020,Asia-Pacific,22.2%
29/8/2020,Asia-Pacific,22.8%
30/8/2020,Asia-Pacific,23.0%
31/8/2020,Asia-Pacific,23.6%
1/9/2020,Asia-Pacific,23.3%
2/9/2020,Asia-Pacific,23.6%
3/9/2020,Asia-Pacific,23.5%
4/9/2020,Asia-Pacific,23.7%
5/9/2020,Asia-Pacific,23.6%
6/9/2020,Asia-Pacific,24.2%
7/9/2020,Asia-Pacific,21.1%
8/9/2020,Asia-Pacific,22.1%
9/9/2020,Asia-Pacific,22.9%
10/9/2020,Asia-Pacific,23.3%
11/9/2020,Asia-Pacific,23.5%
12/9/2020,Asia-Pacific,23.6%
13/9/2020,Asia-Pacific,24.2%
14/9/2020,Asia-Pacific,28.1%
15/9/2020,Asia-Pacific,28.2%
16/9/2020,Asia-Pacific,27.2%
17/9/2020,Asia-Pacific,27.6%
18/9/2020,Asia-Pacific,27.9%
19/9/2020,Asia-Pacific,28.1%
20/9/2020,Asia-Pacific,27.8%
21/9/2020,Asia-Pacific,27.9%
22/9/2020,Asia-Pacific,27.1%
23/9/2020,Asia-Pacific,27.3%
24/9/2020,Asia-Pacific,26.6%
25/9/2020,Asia-Pacific,26.1%
26/9/2020,Asia-Pacific,26.0%
27/9/2020,Asia-Pacific,25.7%
28/9/2020,Asia-Pacific,25.4%
29/9/2020,Asia-Pacific,24.9%
30/9/2020,Asia-Pacific,25.1%
1/10/2020,Asia-Pacific,25.3%
2/10/2020,Asia-Pacific,23.4%
3/10/2020,Asia-Pacific,23.4%
4/10/2020,Asia-Pacific,23.2%
5/10/2020,Asia-Pacific,22.9%
6/10/2020,Asia-Pacific,23.0%
7/10/2020,Asia-Pacific,22.7%
8/10/2020,Asia-Pacific,22.5%
9/10/2020,Asia-Pacific,22.0%
10/10/2020,Asia-Pacific,21.5%
11/10/2020,Asia-Pacific,21.5%
12/10/2020,Asia-Pacific,21.3%
13/10/2020,Asia-Pacific,20.9%
14/10/2020,Asia-Pacific,20.3%
15/10/2020,Asia-Pacific,19.6%
16/10/2020,Asia-Pacific,20.8%
17/10/2020,Asia-Pacific,20.3%
18/10/2020,Asia-Pacific,20.3%
19/10/2020,Asia-Pacific,19.5%
20/10/2020,Asia-Pacific,18.9%
21/10/2020,Asia-Pacific,18.4%
22/10/2020,Asia-Pacific,18.1%
23/10/2020,Asia-Pacific,17.5%
24/10/2020,Asia-Pacific,17.2%
25/10/2020,Asia-Pacific,15.9%
26/10/2020,Asia-Pacific,15.4%
27/10/2020,Asia-Pacific,15.0%
28/10/2020,Asia-Pacific,14.1%
29/10/2020,Asia-Pacific,13.5%
30/10/2020,Asia-Pacific,12.9%
31/10/2020,Asia-Pacific,12.0%
1/11/2020,Asia-Pacific,11.6%
2/11/2020,Asia-Pacific,11.3%
3/11/2020,Asia-Pacific,11.2%
4/11/2020,Asia-Pacific,10.7%
5/11/2020,Asia-Pacific,10.7%
6/11/2020,Asia-Pacific,10.6%
7/11/2020,Asia-Pacific,10.4%
8/11/2020,Asia-Pacific,10.4%
9/11/2020,Asia-Pacific,10.3%
10/11/2020,Asia-Pacific,10.1%
11/11/2020,Asia-Pacific,9.9%
12/11/2020,Asia-Pacific,9.4%
13/11/2020,Asia-Pacific,9.1%
14/11/2020,Asia-Pacific,8.8%
15/11/2020,Asia-Pacific,8.5%
16/11/2020,Asia-Pacific,8.3%
17/11/2020,Asia-Pacific,8.0%
18/11/2020,Asia-Pacific,8.0%
19/11/2020,Asia-Pacific,8.1%
20/11/2020,Asia-Pacific,8.4%
21/11/2020,Asia-Pacific,8.3%
22/11/2020,Asia-Pacific,8.5%
23/11/2020,Asia-Pacific,8.7%
24/11/2020,Asia-Pacific,8.9%
25/11/2020,Asia-Pacific,8.7%
26/11/2020,Asia-Pacific,8.5%
27/11/2020,Asia-Pacific,8.0%
28/11/2020,Asia-Pacific,8.2%
29/11/2020,Asia-Pacific,8.2%
30/11/2020,Asia-Pacific,8.2%
1/3/2020,Eastern Europe,0.0%
2/3/2020,Eastern Europe,0.0%
3/3/2020,Eastern Europe,0.0%
4/3/2020,Eastern Europe,0.0%
5/3/2020,Eastern Europe,0.0%
6/3/2020,Eastern Europe,0.0%
7/3/2020,Eastern Europe,0.0%
8/3/2020,Eastern Europe,0.0%
9/3/2020,Eastern Europe,0.0%
10/3/2020,Eastern Europe,0.0%
11/3/2020,Eastern Europe,0.0%
12/3/2020,Eastern Europe,0.1%
13/3/2020,Eastern Europe,0.2%
14/3/2020,Eastern Europe,0.2%
15/3/2020,Eastern Europe,0.3%
16/3/2020,Eastern Europe,0.3%
17/3/2020,Eastern Europe,0.3%
18/3/2020,Eastern Europe,0.3%
19/3/2020,Eastern Europe,0.3%
20/3/2020,Eastern Europe,0.2%
21/3/2020,Eastern Europe,0.3%
22/3/2020,Eastern Europe,0.2%
23/3/2020,Eastern Europe,0.3%
24/3/2020,Eastern Europe,0.4%
25/3/2020,Eastern Europe,0.4%
26/3/2020,Eastern Europe,0.5%
27/3/2020,Eastern Europe,0.6%
28/3/2020,Eastern Europe,0.6%
29/3/2020,Eastern Europe,0.7%
30/3/2020,Eastern Europe,0.8%
31/3/2020,Eastern Europe,0.8%
1/4/2020,Eastern Europe,1.0%
2/4/2020,Eastern Europe,1.0%
3/4/2020,Eastern Europe,1.1%
4/4/2020,Eastern Europe,1.3%
5/4/2020,Eastern Europe,1.3%
6/4/2020,Eastern Europe,1.3%
7/4/2020,Eastern Europe,1.4%
8/4/2020,Eastern Europe,1.4%
9/4/2020,Eastern Europe,1.5%
10/4/2020,Eastern Europe,1.5%
11/4/2020,Eastern Europe,1.5%
12/4/2020,Eastern Europe,1.6%
13/4/2020,Eastern Europe,1.7%
14/4/2020,Eastern Europe,1.7%
15/4/2020,Eastern Europe,1.7%
16/4/2020,Eastern Europe,1.7%
17/4/2020,Eastern Europe,1.7%
18/4/2020,Eastern Europe,1.7%
19/4/2020,Eastern Europe,1.7%
20/4/2020,Eastern Europe,1.8%
21/4/2020,Eastern Europe,1.9%
22/4/2020,Eastern Europe,1.9%
23/4/2020,Eastern Europe,2.1%
24/4/2020,Eastern Europe,2.2%
25/4/2020,Eastern Europe,2.5%
26/4/2020,Eastern Europe,2.6%
27/4/2020,Eastern Europe,2.7%
28/4/2020,Eastern Europe,2.8%
29/4/2020,Eastern Europe,2.9%
30/4/2020,Eastern Europe,3.0%
1/5/2020,Eastern Europe,3.3%
2/5/2020,Eastern Europe,3.4%
3/5/2020,Eastern Europe,3.4%
4/5/2020,Eastern Europe,3.3%
5/5/2020,Eastern Europe,3.5%
6/5/2020,Eastern Europe,3.5%
7/5/2020,Eastern Europe,3.5%
8/5/2020,Eastern Europe,3.3%
9/5/2020,Eastern Europe,3.4%
10/5/2020,Eastern Europe,3.7%
11/5/2020,Eastern Europe,3.9%
12/5/2020,Eastern Europe,3.9%
13/5/2020,Eastern Europe,4.0%
14/5/2020,Eastern Europe,4.1%
15/5/2020,Eastern Europe,4.2%
16/5/2020,Eastern Europe,4.2%
17/5/2020,Eastern Europe,4.2%
18/5/2020,Eastern Europe,4.3%
19/5/2020,Eastern Europe,4.3%
20/5/2020,Eastern Europe,4.3%
21/5/2020,Eastern Europe,4.4%
22/5/2020,Eastern Europe,4.4%
23/5/2020,Eastern Europe,4.5%
24/5/2020,Eastern Europe,4.5%
25/5/2020,Eastern Europe,4.6%
26/5/2020,Eastern Europe,4.6%
27/5/2020,Eastern Europe,5.1%
28/5/2020,Eastern Europe,5.0%
29/5/2020,Eastern Europe,5.4%
30/5/2020,Eastern Europe,5.6%
31/5/2020,Eastern Europe,5.8%
1/6/2020,Eastern Europe,5.7%
2/6/2020,Eastern Europe,6.1%
3/6/2020,Eastern Europe,5.9%
4/6/2020,Eastern Europe,5.9%
5/6/2020,Eastern Europe,5.7%
6/6/2020,Eastern Europe,5.5%
7/6/2020,Eastern Europe,5.6%
8/6/2020,Eastern Europe,5.5%
9/6/2020,Eastern Europe,5.2%
10/6/2020,Eastern Europe,5.2%
11/6/2020,Eastern Europe,5.6%
12/6/2020,Eastern Europe,5.7%
13/6/2020,Eastern Europe,5.8%
14/6/2020,Eastern Europe,5.5%
15/6/2020,Eastern Europe,5.6%
16/6/2020,Eastern Europe,5.7%
17/6/2020,Eastern Europe,5.4%
18/6/2020,Eastern Europe,5.4%
19/6/2020,Eastern Europe,5.7%
20/6/2020,Eastern Europe,5.6%
21/6/2020,Eastern Europe,5.5%
22/6/2020,Eastern Europe,5.3%
23/6/2020,Eastern Europe,5.1%
24/6/2020,Eastern Europe,5.3%
25/6/2020,Eastern Europe,5.1%
26/6/2020,Eastern Europe,4.3%
27/6/2020,Eastern Europe,4.4%
28/6/2020,Eastern Europe,4.7%
29/6/2020,Eastern Europe,5.0%
30/6/2020,Eastern Europe,5.0%
1/7/2020,Eastern Europe,4.9%
2/7/2020,Eastern Europe,5.1%
3/7/2020,Eastern Europe,5.6%
4/7/2020,Eastern Europe,5.6%
5/7/2020,Eastern Europe,5.6%
6/7/2020,Eastern Europe,5.7%
7/7/2020,Eastern Europe,5.8%
8/7/2020,Eastern Europe,6.0%
9/7/2020,Eastern Europe,5.9%
10/7/2020,Eastern Europe,5.9%
11/7/2020,Eastern Europe,5.9%
12/7/2020,Eastern Europe,5.9%
13/7/2020,Eastern Europe,5.8%
14/7/2020,Eastern Europe,5.7%
15/7/2020,Eastern Europe,5.6%
16/7/2020,Eastern Europe,5.5%
17/7/2020,Eastern Europe,5.4%
18/7/2020,Eastern Europe,5.1%
19/7/2020,Eastern Europe,4.9%
20/7/2020,Eastern Europe,4.8%
21/7/2020,Eastern Europe,4.7%
22/7/2020,Eastern Europe,4.6%
23/7/2020,Eastern Europe,4.6%
24/7/2020,Eastern Europe,4.1%
25/7/2020,Eastern Europe,4.1%
26/7/2020,Eastern Europe,4.1%
27/7/2020,Eastern Europe,4.1%
28/7/2020,Eastern Europe,4.1%
29/7/2020,Eastern Europe,4.0%
30/7/2020,Eastern Europe,4.0%
31/7/2020,Eastern Europe,4.4%
1/8/2020,Eastern Europe,4.6%
2/8/2020,Eastern Europe,4.5%
3/8/2020,Eastern Europe,4.5%
4/8/2020,Eastern Europe,4.4%
5/8/2020,Eastern Europe,4.6%
6/8/2020,Eastern Europe,4.6%
7/8/2020,Eastern Europe,4.4%
8/8/2020,Eastern Europe,4.3%
9/8/2020,Eastern Europe,4.4%
10/8/2020,Eastern Europe,4.4%
11/8/2020,Eastern Europe,4.6%
12/8/2020,Eastern Europe,4.4%
13/8/2020,Eastern Europe,4.2%
14/8/2020,Eastern Europe,4.0%
15/8/2020,Eastern Europe,3.9%
16/8/2020,Eastern Europe,3.9%
17/8/2020,Eastern Europe,3.9%
18/8/2020,Eastern Europe,3.8%
19/8/2020,Eastern Europe,3.8%
20/8/2020,Eastern Europe,3.8%
21/8/2020,Eastern Europe,4.1%
22/8/2020,Eastern Europe,4.2%
23/8/2020,Eastern Europe,4.1%
24/8/2020,Eastern Europe,4.2%
25/8/2020,Eastern Europe,4.2%
26/8/2020,Eastern Europe,4.4%
27/8/2020,Eastern Europe,4.6%
28/8/2020,Eastern Europe,4.6%
29/8/2020,Eastern Europe,4.7%
30/8/2020,Eastern Europe,4.7%
31/8/2020,Eastern Europe,4.6%
1/9/2020,Eastern Europe,4.8%
2/9/2020,Eastern Europe,4.8%
3/9/2020,Eastern Europe,4.7%
4/9/2020,Eastern Europe,4.9%
5/9/2020,Eastern Europe,4.9%
6/9/2020,Eastern Europe,5.1%
7/9/2020,Eastern Europe,4.3%
8/9/2020,Eastern Europe,4.3%
9/9/2020,Eastern Europe,4.6%
10/9/2020,Eastern Europe,4.5%
11/9/2020,Eastern Europe,4.6%
12/9/2020,Eastern Europe,4.4%
13/9/2020,Eastern Europe,4.3%
14/9/2020,Eastern Europe,5.3%
15/9/2020,Eastern Europe,5.1%
16/9/2020,Eastern Europe,5.1%
17/9/2020,Eastern Europe,5.2%
18/9/2020,Eastern Europe,5.3%
19/9/2020,Eastern Europe,5.6%
20/9/2020,Eastern Europe,5.8%
21/9/2020,Eastern Europe,5.7%
22/9/2020,Eastern Europe,5.7%
23/9/2020,Eastern Europe,5.6%
24/9/2020,Eastern Europe,5.8%
25/9/2020,Eastern Europe,5.7%
26/9/2020,Eastern Europe,5.7%
27/9/2020,Eastern Europe,5.9%
28/9/2020,Eastern Europe,6.1%
29/9/2020,Eastern Europe,6.2%
30/9/2020,Eastern Europe,6.3%
1/10/2020,Eastern Europe,6.4%
2/10/2020,Eastern Europe,6.0%
3/10/2020,Eastern Europe,6.3%
4/10/2020,Eastern Europe,6.5%
5/10/2020,Eastern Europe,6.4%
6/10/2020,Eastern Europe,6.8%
7/10/2020,Eastern Europe,7.3%
8/10/2020,Eastern Europe,7.7%
9/10/2020,Eastern Europe,8.0%
10/10/2020,Eastern Europe,8.0%
11/10/2020,Eastern Europe,8.6%
12/10/2020,Eastern Europe,9.1%
13/10/2020,Eastern Europe,9.1%
14/10/2020,Eastern Europe,9.4%
15/10/2020,Eastern Europe,9.7%
16/10/2020,Eastern Europe,11.1%
17/10/2020,Eastern Europe,11.8%
18/10/2020,Eastern Europe,11.7%
19/10/2020,Eastern Europe,12.4%
20/10/2020,Eastern Europe,12.7%
21/10/2020,Eastern Europe,12.6%
22/10/2020,Eastern Europe,13.0%
23/10/2020,Eastern Europe,13.6%
24/10/2020,Eastern Europe,14.0%
25/10/2020,Eastern Europe,14.5%
26/10/2020,Eastern Europe,14.7%
27/10/2020,Eastern Europe,14.9%
28/10/2020,Eastern Europe,15.4%
29/10/2020,Eastern Europe,16.0%
30/10/2020,Eastern Europe,16.5%
31/10/2020,Eastern Europe,17.1%
1/11/2020,Eastern Europe,17.6%
2/11/2020,Eastern Europe,17.7%
3/11/2020,Eastern Europe,17.9%
4/11/2020,Eastern Europe,18.0%
5/11/2020,Eastern Europe,18.1%
6/11/2020,Eastern Europe,18.1%
7/11/2020,Eastern Europe,18.4%
8/11/2020,Eastern Europe,18.6%
9/11/2020,Eastern Europe,18.6%
10/11/2020,Eastern Europe,18.8%
11/11/2020,Eastern Europe,19.2%
12/11/2020,Eastern Europe,19.1%
13/11/2020,Eastern Europe,19.2%
14/11/2020,Eastern Europe,19.1%
15/11/2020,Eastern Europe,19.0%
16/11/2020,Eastern Europe,19.2%
17/11/2020,Eastern Europe,19.7%
18/11/2020,Eastern Europe,19.6%
19/11/2020,Eastern Europe,19.9%
20/11/2020,Eastern Europe,20.2%
21/11/2020,Eastern Europe,20.5%
22/11/2020,Eastern Europe,20.5%
23/11/2020,Eastern Europe,20.4%
24/11/2020,Eastern Europe,20.2%
25/11/2020,Eastern Europe,20.3%
26/11/2020,Eastern Europe,20.1%
27/11/2020,Eastern Europe,20.3%
28/11/2020,Eastern Europe,20.6%
29/11/2020,Eastern Europe,20.6%
30/11/2020,Eastern Europe,21.1%
1/3/2020,Latin America and the Caribbean,0.0%
2/3/2020,Latin America and the Caribbean,0.0%
3/3/2020,Latin America and the Caribbean,0.0%
4/3/2020,Latin America and the Caribbean,0.0%
5/3/2020,Latin America and the Caribbean,0.0%
6/3/2020,Latin America and the Caribbean,0.0%
7/3/2020,Latin America and the Caribbean,0.0%
8/3/2020,Latin America and the Caribbean,0.2%
9/3/2020,Latin America and the Caribbean,0.1%
10/3/2020,Latin America and the Caribbean,0.1%
11/3/2020,Latin America and the Caribbean,0.2%
12/3/2020,Latin America and the Caribbean,0.1%
13/3/2020,Latin America and the Caribbean,0.2%
14/3/2020,Latin America and the Caribbean,0.3%
15/3/2020,Latin America and the Caribbean,0.2%
16/3/2020,Latin America and the Caribbean,0.2%
17/3/2020,Latin America and the Caribbean,0.2%
18/3/2020,Latin America and the Caribbean,0.2%
19/3/2020,Latin America and the Caribbean,0.3%
20/3/2020,Latin America and the Caribbean,0.3%
21/3/2020,Latin America and the Caribbean,0.5%
22/3/2020,Latin America and the Caribbean,0.6%
23/3/2020,Latin America and the Caribbean,0.7%
24/3/2020,Latin America and the Caribbean,0.8%
25/3/2020,Latin America and the Caribbean,1.0%
26/3/2020,Latin America and the Caribbean,1.0%
27/3/2020,Latin America and the Caribbean,1.1%
28/3/2020,Latin America and the Caribbean,1.2%
29/3/2020,Latin America and the Caribbean,1.3%
30/3/2020,Latin America and the Caribbean,1.5%
31/3/2020,Latin America and the Caribbean,1.5%
1/4/2020,Latin America and the Caribbean,1.7%
2/4/2020,Latin America and the Caribbean,2.0%
3/4/2020,Latin America and the Caribbean,2.0%
4/4/2020,Latin America and the Caribbean,2.1%
5/4/2020,Latin America and the Caribbean,2.2%
6/4/2020,Latin America and the Caribbean,2.3%
7/4/2020,Latin America and the Caribbean,2.5%
8/4/2020,Latin America and the Caribbean,2.6%
9/4/2020,Latin America and the Caribbean,2.7%
10/4/2020,Latin America and the Caribbean,3.0%
11/4/2020,Latin America and the Caribbean,3.3%
12/4/2020,Latin America and the Caribbean,3.3%
13/4/2020,Latin America and the Caribbean,3.5%
14/4/2020,Latin America and the Caribbean,3.6%
15/4/2020,Latin America and the Caribbean,3.9%
16/4/2020,Latin America and the Caribbean,3.8%
17/4/2020,Latin America and the Caribbean,3.8%
18/4/2020,Latin America and the Caribbean,3.9%
19/4/2020,Latin America and the Caribbean,4.4%
20/4/2020,Latin America and the Caribbean,4.5%
21/4/2020,Latin America and the Caribbean,4.6%
22/4/2020,Latin America and the Caribbean,4.7%
23/4/2020,Latin America and the Caribbean,5.3%
24/4/2020,Latin America and the Caribbean,6.1%
25/4/2020,Latin America and the Caribbean,7.2%
26/4/2020,Latin America and the Caribbean,7.5%
27/4/2020,Latin America and the Caribbean,7.8%
28/4/2020,Latin America and the Caribbean,8.7%
29/4/2020,Latin America and the Caribbean,10.2%
30/4/2020,Latin America and the Caribbean,10.9%
1/5/2020,Latin America and the Caribbean,11.7%
2/5/2020,Latin America and the Caribbean,12.2%
3/5/2020,Latin America and the Caribbean,13.6%
4/5/2020,Latin America and the Caribbean,14.8%
5/5/2020,Latin America and the Caribbean,15.0%
6/5/2020,Latin America and the Caribbean,15.4%
7/5/2020,Latin America and the Caribbean,16.3%
8/5/2020,Latin America and the Caribbean,17.1%
9/5/2020,Latin America and the Caribbean,18.3%
10/5/2020,Latin America and the Caribbean,18.9%
11/5/2020,Latin America and the Caribbean,20.3%
12/5/2020,Latin America and the Caribbean,20.8%
13/5/2020,Latin America and the Caribbean,22.7%
14/5/2020,Latin America and the Caribbean,24.1%
15/5/2020,Latin America and the Caribbean,25.1%
16/5/2020,Latin America and the Caribbean,26.5%
17/5/2020,Latin America and the Caribbean,27.5%
18/5/2020,Latin America and the Caribbean,27.0%
19/5/2020,Latin America and the Caribbean,28.8%
20/5/2020,Latin America and the Caribbean,29.9%
21/5/2020,Latin America and the Caribbean,31.3%
22/5/2020,Latin America and the Caribbean,33.1%
23/5/2020,Latin America and the Caribbean,34.3%
24/5/2020,Latin America and the Caribbean,34.9%
25/5/2020,Latin America and the Caribbean,35.4%
26/5/2020,Latin America and the Caribbean,36.3%
27/5/2020,Latin America and the Caribbean,38.2%
28/5/2020,Latin America and the Caribbean,38.9%
29/5/2020,Latin America and the Caribbean,39.9%
30/5/2020,Latin America and the Caribbean,39.7%
31/5/2020,Latin America and the Caribbean,40.1%
1/6/2020,Latin America and the Caribbean,39.9%
2/6/2020,Latin America and the Caribbean,39.3%
3/6/2020,Latin America and the Caribbean,39.0%
4/6/2020,Latin America and the Caribbean,41.9%
5/6/2020,Latin America and the Caribbean,43.7%
6/6/2020,Latin America and the Caribbean,44.8%
7/6/2020,Latin America and the Caribbean,45.4%
8/6/2020,Latin America and the Caribbean,46.9%
9/6/2020,Latin America and the Caribbean,47.3%
10/6/2020,Latin America and the Caribbean,47.7%
11/6/2020,Latin America and the Caribbean,47.0%
12/6/2020,Latin America and the Caribbean,46.7%
13/6/2020,Latin America and the Caribbean,46.8%
14/6/2020,Latin America and the Caribbean,47.0%
15/6/2020,Latin America and the Caribbean,47.0%
16/6/2020,Latin America and the Caribbean,47.1%
17/6/2020,Latin America and the Caribbean,45.0%
18/6/2020,Latin America and the Caribbean,45.5%
19/6/2020,Latin America and the Caribbean,44.1%
20/6/2020,Latin America and the Caribbean,45.0%
21/6/2020,Latin America and the Caribbean,45.4%
22/6/2020,Latin America and the Caribbean,46.6%
23/6/2020,Latin America and the Caribbean,47.2%
24/6/2020,Latin America and the Caribbean,50.1%
25/6/2020,Latin America and the Caribbean,50.3%
26/6/2020,Latin America and the Caribbean,49.8%
27/6/2020,Latin America and the Caribbean,50.1%
28/6/2020,Latin America and the Caribbean,50.7%
29/6/2020,Latin America and the Caribbean,49.5%
30/6/2020,Latin America and the Caribbean,49.4%
1/7/2020,Latin America and the Caribbean,48.2%
2/7/2020,Latin America and the Caribbean,47.7%
3/7/2020,Latin America and the Caribbean,50.6%
4/7/2020,Latin America and the Caribbean,50.5%
5/7/2020,Latin America and the Caribbean,50.5%
6/7/2020,Latin America and the Caribbean,50.1%
7/7/2020,Latin America and the Caribbean,49.7%
8/7/2020,Latin America and the Caribbean,50.0%
9/7/2020,Latin America and the Caribbean,50.2%
10/7/2020,Latin America and the Caribbean,49.5%
11/7/2020,Latin America and the Caribbean,49.2%
12/7/2020,Latin America and the Caribbean,48.6%
13/7/2020,Latin America and the Caribbean,48.1%
14/7/2020,Latin America and the Caribbean,48.4%
15/7/2020,Latin America and the Caribbean,48.9%
16/7/2020,Latin America and the Caribbean,48.4%
17/7/2020,Latin America and the Caribbean,48.1%
18/7/2020,Latin America and the Caribbean,48.2%
19/7/2020,Latin America and the Caribbean,47.8%
20/7/2020,Latin America and the Caribbean,48.1%
21/7/2020,Latin America and the Caribbean,47.7%
22/7/2020,Latin America and the Caribbean,47.5%
23/7/2020,Latin America and the Caribbean,46.4%
24/7/2020,Latin America and the Caribbean,51.1%
25/7/2020,Latin America and the Caribbean,50.4%
26/7/2020,Latin America and the Caribbean,50.8%
27/7/2020,Latin America and the Caribbean,50.7%
28/7/2020,Latin America and the Caribbean,49.9%
29/7/2020,Latin America and the Caribbean,49.2%
30/7/2020,Latin America and the Caribbean,50.1%
31/7/2020,Latin America and the Caribbean,44.7%
1/8/2020,Latin America and the Caribbean,45.0%
2/8/2020,Latin America and the Caribbean,44.6%
3/8/2020,Latin America and the Caribbean,44.3%
4/8/2020,Latin America and the Caribbean,44.8%
5/8/2020,Latin America and the Caribbean,44.9%
6/8/2020,Latin America and the Caribbean,44.6%
7/8/2020,Latin America and the Caribbean,44.7%
8/8/2020,Latin America and the Caribbean,44.2%
9/8/2020,Latin America and the Caribbean,43.8%
10/8/2020,Latin America and the Caribbean,43.4%
11/8/2020,Latin America and the Caribbean,44.0%
12/8/2020,Latin America and the Caribbean,44.9%
13/8/2020,Latin America and the Caribbean,44.6%
14/8/2020,Latin America and the Caribbean,49.4%
15/8/2020,Latin America and the Caribbean,49.2%
16/8/2020,Latin America and the Caribbean,48.9%
17/8/2020,Latin America and the Caribbean,49.2%
18/8/2020,Latin America and the Caribbean,48.7%
19/8/2020,Latin America and the Caribbean,47.6%
20/8/2020,Latin America and the Caribbean,47.9%
21/8/2020,Latin America and the Caribbean,42.9%
22/8/2020,Latin America and the Caribbean,43.2%
23/8/2020,Latin America and the Caribbean,44.0%
24/8/2020,Latin America and the Caribbean,44.4%
25/8/2020,Latin America and the Caribbean,44.6%
26/8/2020,Latin America and the Caribbean,45.1%
27/8/2020,Latin America and the Caribbean,44.7%
28/8/2020,Latin America and the Caribbean,44.3%
29/8/2020,Latin America and the Caribbean,44.2%
30/8/2020,Latin America and the Caribbean,43.8%
31/8/2020,Latin America and the Caribbean,43.5%
1/9/2020,Latin America and the Caribbean,43.1%
2/9/2020,Latin America and the Caribbean,43.2%
3/9/2020,Latin America and the Caribbean,43.7%
4/9/2020,Latin America and the Caribbean,43.0%
5/9/2020,Latin America and the Caribbean,43.2%
6/9/2020,Latin America and the Caribbean,43.0%
7/9/2020,Latin America and the Caribbean,49.6%
8/9/2020,Latin America and the Caribbean,49.1%
9/9/2020,Latin America and the Caribbean,48.5%
10/9/2020,Latin America and the Caribbean,48.0%
11/9/2020,Latin America and the Caribbean,48.4%
12/9/2020,Latin America and the Caribbean,47.7%
13/9/2020,Latin America and the Caribbean,47.4%
14/9/2020,Latin America and the Caribbean,39.5%
15/9/2020,Latin America and the Caribbean,39.0%
16/9/2020,Latin America and the Caribbean,38.2%
17/9/2020,Latin America and the Caribbean,37.4%
18/9/2020,Latin America and the Caribbean,36.6%
19/9/2020,Latin America and the Caribbean,36.5%
20/9/2020,Latin America and the Caribbean,36.2%
21/9/2020,Latin America and the Caribbean,36.0%
22/9/2020,Latin America and the Caribbean,36.8%
23/9/2020,Latin America and the Caribbean,37.4%
24/9/2020,Latin America and the Caribbean,38.1%
25/9/2020,Latin America and the Caribbean,38.5%
26/9/2020,Latin America and the Caribbean,38.2%
27/9/2020,Latin America and the Caribbean,38.3%
28/9/2020,Latin America and the Caribbean,38.4%
29/9/2020,Latin America and the Caribbean,38.0%
30/9/2020,Latin America and the Caribbean,37.4%
1/10/2020,Latin America and the Caribbean,37.2%
2/10/2020,Latin America and the Caribbean,41.4%
3/10/2020,Latin America and the Caribbean,41.1%
4/10/2020,Latin America and the Caribbean,40.7%
5/10/2020,Latin America and the Caribbean,40.7%
6/10/2020,Latin America and the Caribbean,40.5%
7/10/2020,Latin America and the Caribbean,40.5%
8/10/2020,Latin America and the Caribbean,39.7%
9/10/2020,Latin America and the Caribbean,39.4%
10/10/2020,Latin America and the Caribbean,39.5%
11/10/2020,Latin America and the Caribbean,38.7%
12/10/2020,Latin America and the Caribbean,38.0%
13/10/2020,Latin America and the Caribbean,38.1%
14/10/2020,Latin America and the Caribbean,36.8%
15/10/2020,Latin America and the Caribbean,36.7%
16/10/2020,Latin America and the Caribbean,31.1%
17/10/2020,Latin America and the Caribbean,30.9%
18/10/2020,Latin America and the Caribbean,30.8%
19/10/2020,Latin America and the Caribbean,30.5%
20/10/2020,Latin America and the Caribbean,30.0%
21/10/2020,Latin America and the Caribbean,30.4%
22/10/2020,Latin America and the Caribbean,29.8%
23/10/2020,Latin America and the Caribbean,29.4%
24/10/2020,Latin America and the Caribbean,28.4%
25/10/2020,Latin America and the Caribbean,28.0%
26/10/2020,Latin America and the Caribbean,28.1%
27/10/2020,Latin America and the Caribbean,27.8%
28/10/2020,Latin America and the Caribbean,27.3%
29/10/2020,Latin America and the Caribbean,26.6%
30/10/2020,Latin America and the Caribbean,25.8%
31/10/2020,Latin America and the Caribbean,25.3%
1/11/2020,Latin America and the Caribbean,24.8%
2/11/2020,Latin America and the Caribbean,23.8%
3/11/2020,Latin America and the Caribbean,23.3%
4/11/2020,Latin America and the Caribbean,21.1%
5/11/2020,Latin America and the Caribbean,20.8%
6/11/2020,Latin America and the Caribbean,20.4%
7/11/2020,Latin America and the Caribbean,19.6%
8/11/2020,Latin America and the Caribbean,19.0%
9/11/2020,Latin America and the Caribbean,18.8%
10/11/2020,Latin America and the Caribbean,18.3%
11/11/2020,Latin America and the Caribbean,18.1%
12/11/2020,Latin America and the Caribbean,17.3%
13/11/2020,Latin America and the Caribbean,17.8%
14/11/2020,Latin America and the Caribbean,17.5%
15/11/2020,Latin America and the Caribbean,18.4%
16/11/2020,Latin America and the Caribbean,18.3%
17/11/2020,Latin America and the Caribbean,18.0%
18/11/2020,Latin America and the Caribbean,18.0%
19/11/2020,Latin America and the Caribbean,18.0%
20/11/2020,Latin America and the Caribbean,17.0%
21/11/2020,Latin America and the Caribbean,16.8%
22/11/2020,Latin America and the Caribbean,15.8%
23/11/2020,Latin America and the Caribbean,15.8%
24/11/2020,Latin America and the Caribbean,15.5%
25/11/2020,Latin America and the Caribbean,16.0%
26/11/2020,Latin America and the Caribbean,16.0%
27/11/2020,Latin America and the Caribbean,16.3%
28/11/2020,Latin America and the Caribbean,15.7%
29/11/2020,Latin America and the Caribbean,16.7%
30/11/2020,Latin America and the Caribbean,16.7%
1/3/2020,Middle East and North Africa,7.4%
2/3/2020,Middle East and North Africa,10.8%
3/3/2020,Middle East and North Africa,12.9%
4/3/2020,Middle East and North Africa,14.2%
5/3/2020,Middle East and North Africa,15.2%
6/3/2020,Middle East and North Africa,15.8%
7/3/2020,Middle East and North Africa,16.2%
8/3/2020,Middle East and North Africa,17.2%
9/3/2020,Middle East and North Africa,19.2%
10/3/2020,Middle East and North Africa,19.7%
11/3/2020,Middle East and North Africa,20.3%
12/3/2020,Middle East and North Africa,20.5%
13/3/2020,Middle East and North Africa,21.0%
14/3/2020,Middle East and North Africa,21.0%
15/3/2020,Middle East and North Africa,21.9%
16/3/2020,Middle East and North Africa,19.9%
17/3/2020,Middle East and North Africa,20.2%
18/3/2020,Middle East and North Africa,19.5%
19/3/2020,Middle East and North Africa,18.6%
20/3/2020,Middle East and North Africa,17.4%
21/3/2020,Middle East and North Africa,16.0%
22/3/2020,Middle East and North Africa,13.7%
23/3/2020,Middle East and North Africa,12.5%
24/3/2020,Middle East and North Africa,11.0%
25/3/2020,Middle East and North Africa,9.5%
26/3/2020,Middle East and North Africa,8.4%
27/3/2020,Middle East and North Africa,7.7%
28/3/2020,Middle East and North Africa,6.8%
29/3/2020,Middle East and North Africa,6.3%
30/3/2020,Middle East and North Africa,5.9%
31/3/2020,Middle East and North Africa,5.5%
1/4/2020,Middle East and North Africa,5.3%
2/4/2020,Middle East and North Africa,5.0%
3/4/2020,Middle East and North Africa,4.8%
4/4/2020,Middle East and North Africa,4.1%
5/4/2020,Middle East and North Africa,4.6%
6/4/2020,Middle East and North Africa,4.7%
7/4/2020,Middle East and North Africa,4.8%
8/4/2020,Middle East and North Africa,4.5%
9/4/2020,Middle East and North Africa,4.4%
10/4/2020,Middle East and North Africa,4.3%
11/4/2020,Middle East and North Africa,4.6%
12/4/2020,Middle East and North Africa,4.3%
13/4/2020,Middle East and North Africa,4.2%
14/4/2020,Middle East and North Africa,4.2%
15/4/2020,Middle East and North Africa,4.2%
16/4/2020,Middle East and North Africa,3.8%
17/4/2020,Middle East and North Africa,3.7%
18/4/2020,Middle East and North Africa,3.6%
19/4/2020,Middle East and North Africa,3.5%
20/4/2020,Middle East and North Africa,3.5%
21/4/2020,Middle East and North Africa,3.4%
22/4/2020,Middle East and North Africa,3.5%
23/4/2020,Middle East and North Africa,3.8%
24/4/2020,Middle East and North Africa,3.8%
25/4/2020,Middle East and North Africa,4.1%
26/4/2020,Middle East and North Africa,4.1%
27/4/2020,Middle East and North Africa,4.0%
28/4/2020,Middle East and North Africa,4.0%
29/4/2020,Middle East and North Africa,4.0%
30/4/2020,Middle East and North Africa,3.9%
1/5/2020,Middle East and North Africa,4.0%
2/5/2020,Middle East and North Africa,3.8%
3/5/2020,Middle East and North Africa,3.8%
4/5/2020,Middle East and North Africa,3.8%
5/5/2020,Middle East and North Africa,3.7%
6/5/2020,Middle East and North Africa,3.6%
7/5/2020,Middle East and North Africa,3.6%
8/5/2020,Middle East and North Africa,3.5%
9/5/2020,Middle East and North Africa,3.4%
10/5/2020,Middle East and North Africa,3.4%
11/5/2020,Middle East and North Africa,3.4%
12/5/2020,Middle East and North Africa,3.3%
13/5/2020,Middle East and North Africa,3.3%
14/5/2020,Middle East and North Africa,3.3%
15/5/2020,Middle East and North Africa,3.3%
16/5/2020,Middle East and North Africa,3.3%
17/5/2020,Middle East and North Africa,3.3%
18/5/2020,Middle East and North Africa,3.3%
19/5/2020,Middle East and North Africa,3.4%
20/5/2020,Middle East and North Africa,3.4%
21/5/2020,Middle East and North Africa,3.4%
22/5/2020,Middle East and North Africa,3.3%
23/5/2020,Middle East and North Africa,3.3%
24/5/2020,Middle East and North Africa,3.5%
25/5/2020,Middle East and North Africa,3.5%
26/5/2020,Middle East and North Africa,3.4%
27/5/2020,Middle East and North Africa,3.6%
28/5/2020,Middle East and North Africa,3.6%
29/5/2020,Middle East and North Africa,3.7%
30/5/2020,Middle East and North Africa,3.8%
31/5/2020,Middle East and North Africa,3.9%
1/6/2020,Middle East and North Africa,4.0%
2/6/2020,Middle East and North Africa,4.3%
3/6/2020,Middle East and North Africa,4.5%
4/6/2020,Middle East and North Africa,4.6%
5/6/2020,Middle East and North Africa,4.6%
6/6/2020,Middle East and North Africa,4.8%
7/6/2020,Middle East and North Africa,4.9%
8/6/2020,Middle East and North Africa,4.9%
9/6/2020,Middle East and North Africa,4.9%
10/6/2020,Middle East and North Africa,4.9%
11/6/2020,Middle East and North Africa,5.0%
12/6/2020,Middle East and North Africa,5.2%
13/6/2020,Middle East and North Africa,5.3%
14/6/2020,Middle East and North Africa,5.5%
15/6/2020,Middle East and North Africa,5.9%
16/6/2020,Middle East and North Africa,6.5%
17/6/2020,Middle East and North Africa,6.5%
18/6/2020,Middle East and North Africa,7.0%
19/6/2020,Middle East and North Africa,7.0%
20/6/2020,Middle East and North Africa,7.4%
21/6/2020,Middle East and North Africa,7.7%
22/6/2020,Middle East and North Africa,7.6%
23/6/2020,Middle East and North Africa,7.5%
24/6/2020,Middle East and North Africa,7.9%
25/6/2020,Middle East and North Africa,8.0%
26/6/2020,Middle East and North Africa,8.1%
27/6/2020,Middle East and North Africa,8.0%
28/6/2020,Middle East and North Africa,8.2%
29/6/2020,Middle East and North Africa,8.5%
30/6/2020,Middle East and North Africa,8.7%
1/7/2020,Middle East and North Africa,8.7%
2/7/2020,Middle East and North Africa,8.9%
3/7/2020,Middle East and North Africa,9.4%
4/7/2020,Middle East and North Africa,9.7%
5/7/2020,Middle East and North Africa,9.6%
6/7/2020,Middle East and North Africa,9.6%
7/7/2020,Middle East and North Africa,9.7%
8/7/2020,Middle East and North Africa,9.7%
9/7/2020,Middle East and North Africa,9.6%
10/7/2020,Middle East and North Africa,9.6%
11/7/2020,Middle East and North Africa,9.4%
12/7/2020,Middle East and North Africa,9.2%
13/7/2020,Middle East and North Africa,9.3%
14/7/2020,Middle East and North Africa,9.4%
15/7/2020,Middle East and North Africa,9.4%
16/7/2020,Middle East and North Africa,9.4%
17/7/2020,Middle East and North Africa,9.3%
18/7/2020,Middle East and North Africa,8.8%
19/7/2020,Middle East and North Africa,8.8%
20/7/2020,Middle East and North Africa,8.6%
21/7/2020,Middle East and North Africa,8.5%
22/7/2020,Middle East and North Africa,8.4%
23/7/2020,Middle East and North Africa,8.1%
24/7/2020,Middle East and North Africa,7.4%
25/7/2020,Middle East and North Africa,7.5%
26/7/2020,Middle East and North Africa,7.3%
27/7/2020,Middle East and North Africa,7.3%
28/7/2020,Middle East and North Africa,7.2%
29/7/2020,Middle East and North Africa,7.2%
30/7/2020,Middle East and North Africa,7.0%
31/7/2020,Middle East and North Africa,7.7%
1/8/2020,Middle East and North Africa,7.5%
2/8/2020,Middle East and North Africa,7.4%
3/8/2020,Middle East and North Africa,7.3%
4/8/2020,Middle East and North Africa,7.3%
5/8/2020,Middle East and North Africa,7.2%
6/8/2020,Middle East and North Africa,7.2%
7/8/2020,Middle East and North Africa,6.5%
8/8/2020,Middle East and North Africa,6.9%
9/8/2020,Middle East and North Africa,6.8%
10/8/2020,Middle East and North Africa,6.6%
11/8/2020,Middle East and North Africa,6.5%
12/8/2020,Middle East and North Africa,6.5%
13/8/2020,Middle East and North Africa,6.4%
14/8/2020,Middle East and North Africa,6.3%
15/8/2020,Middle East and North Africa,6.1%
16/8/2020,Middle East and North Africa,6.1%
17/8/2020,Middle East and North Africa,6.2%
18/8/2020,Middle East and North Africa,6.3%
19/8/2020,Middle East and North Africa,6.2%
20/8/2020,Middle East and North Africa,6.0%
21/8/2020,Middle East and North Africa,7.0%
22/8/2020,Middle East and North Africa,6.9%
23/8/2020,Middle East and North Africa,6.9%
24/8/2020,Middle East and North Africa,6.9%
25/8/2020,Middle East and North Africa,6.7%
26/8/2020,Middle East and North Africa,6.7%
27/8/2020,Middle East and North Africa,6.8%
28/8/2020,Middle East and North Africa,6.6%
29/8/2020,Middle East and North Africa,6.7%
30/8/2020,Middle East and North Africa,6.7%
31/8/2020,Middle East and North Africa,6.7%
1/9/2020,Middle East and North Africa,6.9%
2/9/2020,Middle East and North Africa,7.0%
3/9/2020,Middle East and North Africa,7.1%
4/9/2020,Middle East and North Africa,6.9%
5/9/2020,Middle East and North Africa,7.0%
6/9/2020,Middle East and North Africa,7.2%
7/9/2020,Middle East and North Africa,6.5%
8/9/2020,Middle East and North Africa,6.5%
9/9/2020,Middle East and North Africa,6.8%
10/9/2020,Middle East and North Africa,6.8%
11/9/2020,Middle East and North Africa,6.9%
12/9/2020,Middle East and North Africa,6.9%
13/9/2020,Middle East and North Africa,6.9%
14/9/2020,Middle East and North Africa,7.8%
15/9/2020,Middle East and North Africa,7.9%
16/9/2020,Middle East and North Africa,7.5%
17/9/2020,Middle East and North Africa,8.0%
18/9/2020,Middle East and North Africa,8.2%
19/9/2020,Middle East and North Africa,8.3%
20/9/2020,Middle East and North Africa,8.7%
21/9/2020,Middle East and North Africa,9.0%
22/9/2020,Middle East and North Africa,9.0%
23/9/2020,Middle East and North Africa,9.2%
24/9/2020,Middle East and North Africa,9.0%
25/9/2020,Middle East and North Africa,8.9%
26/9/2020,Middle East and North Africa,9.1%
27/9/2020,Middle East and North Africa,9.1%
28/9/2020,Middle East and North Africa,9.1%
29/9/2020,Middle East and North Africa,9.3%
30/9/2020,Middle East and North Africa,9.5%
1/10/2020,Middle East and North Africa,9.6%
2/10/2020,Middle East and North Africa,8.9%
3/10/2020,Middle East and North Africa,8.8%
4/10/2020,Middle East and North Africa,8.9%
5/10/2020,Middle East and North Africa,9.1%
6/10/2020,Middle East and North Africa,9.0%
7/10/2020,Middle East and North Africa,9.1%
8/10/2020,Middle East and North Africa,9.3%
9/10/2020,Middle East and North Africa,9.3%
10/10/2020,Middle East and North Africa,9.4%
11/10/2020,Middle East and North Africa,9.6%
12/10/2020,Middle East and North Africa,9.5%
13/10/2020,Middle East and North Africa,9.9%
14/10/2020,Middle East and North Africa,10.0%
15/10/2020,Middle East and North Africa,10.1%
16/10/2020,Middle East and North Africa,11.0%
17/10/2020,Middle East and North Africa,11.0%
18/10/2020,Middle East and North Africa,11.2%
19/10/2020,Middle East and North Africa,11.4%
20/10/2020,Middle East and North Africa,11.5%
21/10/2020,Middle East and North Africa,11.5%
22/10/2020,Middle East and North Africa,11.4%
23/10/2020,Middle East and North Africa,11.4%
24/10/2020,Middle East and North Africa,11.6%
25/10/2020,Middle East and North Africa,11.5%
26/10/2020,Middle East and North Africa,11.5%
27/10/2020,Middle East and North Africa,11.5%
28/10/2020,Middle East and North Africa,11.4%
29/10/2020,Middle East and North Africa,11.9%
30/10/2020,Middle East and North Africa,12.1%
31/10/2020,Middle East and North Africa,12.0%
1/11/2020,Middle East and North Africa,12.0%
2/11/2020,Middle East and North Africa,12.2%
3/11/2020,Middle East and North Africa,11.8%
4/11/2020,Middle East and North Africa,11.6%
5/11/2020,Middle East and North Africa,11.0%
6/11/2020,Middle East and North Africa,10.7%
7/11/2020,Middle East and North Africa,10.6%
8/11/2020,Middle East and North Africa,10.7%
9/11/2020,Middle East and North Africa,10.7%
10/11/2020,Middle East and North Africa,10.6%
11/11/2020,Middle East and North Africa,10.7%
12/11/2020,Middle East and North Africa,10.6%
13/11/2020,Middle East and North Africa,10.7%
14/11/2020,Middle East and North Africa,10.6%
15/11/2020,Middle East and North Africa,10.2%
16/11/2020,Middle East and North Africa,10.2%
17/11/2020,Middle East and North Africa,10.0%
18/11/2020,Middle East and North Africa,9.9%
19/11/2020,Middle East and North Africa,9.9%
20/11/2020,Middle East and North Africa,9.1%
21/11/2020,Middle East and North Africa,9.6%
22/11/2020,Middle East and North Africa,9.7%
23/11/2020,Middle East and North Africa,9.7%
24/11/2020,Middle East and North Africa,9.7%
25/11/2020,Middle East and North Africa,9.0%
26/11/2020,Middle East and North Africa,9.4%
27/11/2020,Middle East and North Africa,10.2%
28/11/2020,Middle East and North Africa,9.6%
29/11/2020,Middle East and North Africa,9.5%
30/11/2020,Middle East and North Africa,9.4%
1/3/2020,North America,0.2%
2/3/2020,North America,0.5%
3/3/2020,North America,1.4%
4/3/2020,North America,2.1%
5/3/2020,North America,2.3%
6/3/2020,North America,2.3%
7/3/2020,North America,2.5%
8/3/2020,North America,2.6%
9/3/2020,North America,2.5%
10/3/2020,North America,2.3%
11/3/2020,North America,1.8%
12/3/2020,North America,1.5%
13/3/2020,North America,1.8%
14/3/2020,North America,1.8%
15/3/2020,North America,1.9%
16/3/2020,North America,1.8%
17/3/2020,North America,2.0%
18/3/2020,North America,2.4%
19/3/2020,North America,3.0%
20/3/2020,North America,2.4%
21/3/2020,North America,3.8%
22/3/2020,North America,4.1%
23/3/2020,North America,5.1%
24/3/2020,North America,5.5%
25/3/2020,North America,6.5%
26/3/2020,North America,7.3%
27/3/2020,North America,8.1%
28/3/2020,North America,9.0%
29/3/2020,North America,10.3%
30/3/2020,North America,10.4%
31/3/2020,North America,12.0%
1/4/2020,North America,13.7%
2/4/2020,North America,15.5%
3/4/2020,North America,16.7%
4/4/2020,North America,17.3%
5/4/2020,North America,18.5%
6/4/2020,North America,20.1%
7/4/2020,North America,21.2%
8/4/2020,North America,22.3%
9/4/2020,North America,23.6%
10/4/2020,North America,24.6%
11/4/2020,North America,26.6%
12/4/2020,North America,28.0%
13/4/2020,North America,28.5%
14/4/2020,North America,28.9%
15/4/2020,North America,30.1%
16/4/2020,North America,33.9%
17/4/2020,North America,34.3%
18/4/2020,North America,36.7%
19/4/2020,North America,36.6%
20/4/2020,North America,37.5%
21/4/2020,North America,38.2%
22/4/2020,North America,38.7%
23/4/2020,North America,35.7%
24/4/2020,North America,38.5%
25/4/2020,North America,35.1%
26/4/2020,North America,36.0%
27/4/2020,North America,36.7%
28/4/2020,North America,36.0%
29/4/2020,North America,35.6%
30/4/2020,North America,37.3%
1/5/2020,North America,36.0%
2/5/2020,North America,38.5%
3/5/2020,North America,37.6%
4/5/2020,North America,36.9%
5/5/2020,North America,37.6%
6/5/2020,North America,38.4%
7/5/2020,North America,38.3%
8/5/2020,North America,38.8%
9/5/2020,North America,37.6%
10/5/2020,North America,38.8%
11/5/2020,North America,37.6%
12/5/2020,North America,37.6%
13/5/2020,North America,36.5%
14/5/2020,North America,35.8%
15/5/2020,North America,34.7%
16/5/2020,North America,35.0%
17/5/2020,North America,33.9%
18/5/2020,North America,34.4%
19/5/2020,North America,33.4%
20/5/2020,North America,33.2%
21/5/2020,North America,32.7%
22/5/2020,North America,30.8%
23/5/2020,North America,30.1%
24/5/2020,North America,30.0%
25/5/2020,North America,29.2%
26/5/2020,North America,28.3%
27/5/2020,North America,26.7%
28/5/2020,North America,26.4%
29/5/2020,North America,26.7%
30/5/2020,North America,26.4%
31/5/2020,North America,25.8%
1/6/2020,North America,26.3%
2/6/2020,North America,27.2%
3/6/2020,North America,27.6%
4/6/2020,North America,25.4%
5/6/2020,North America,24.6%
6/6/2020,North America,23.5%
7/6/2020,North America,22.7%
8/6/2020,North America,21.9%
9/6/2020,North America,21.0%
10/6/2020,North America,20.6%
11/6/2020,North America,20.5%
12/6/2020,North America,20.0%
13/6/2020,North America,19.7%
14/6/2020,North America,19.8%
15/6/2020,North America,18.7%
16/6/2020,North America,18.2%
17/6/2020,North America,16.6%
18/6/2020,North America,16.0%
19/6/2020,North America,14.7%
20/6/2020,North America,14.0%
21/6/2020,North America,13.6%
22/6/2020,North America,13.1%
23/6/2020,North America,13.1%
24/6/2020,North America,13.6%
25/6/2020,North America,13.5%
26/6/2020,North America,18.4%
27/6/2020,North America,18.3%
28/6/2020,North America,17.6%
29/6/2020,North America,18.1%
30/6/2020,North America,17.7%
1/7/2020,North America,18.9%
2/7/2020,North America,18.8%
3/7/2020,North America,14.2%
4/7/2020,North America,14.3%
5/7/2020,North America,13.6%
6/7/2020,North America,13.5%
7/7/2020,North America,13.4%
8/7/2020,North America,12.9%
9/7/2020,North America,13.3%
10/7/2020,North America,14.0%
11/7/2020,North America,14.2%
12/7/2020,North America,15.4%
13/7/2020,North America,15.5%
14/7/2020,North America,15.7%
15/7/2020,North America,14.9%
16/7/2020,North America,15.1%
17/7/2020,North America,14.9%
18/7/2020,North America,14.4%
19/7/2020,North America,14.6%
20/7/2020,North America,14.7%
21/7/2020,North America,14.5%
22/7/2020,North America,15.1%
23/7/2020,North America,15.0%
24/7/2020,North America,13.8%
25/7/2020,North America,15.0%
26/7/2020,North America,14.9%
27/7/2020,North America,15.0%
28/7/2020,North America,16.5%
29/7/2020,North America,16.7%
30/7/2020,North America,17.5%
31/7/2020,North America,19.8%
1/8/2020,North America,19.7%
2/8/2020,North America,20.3%
3/8/2020,North America,20.0%
4/8/2020,North America,18.8%
5/8/2020,North America,18.9%
6/8/2020,North America,18.7%
7/8/2020,North America,19.6%
8/8/2020,North America,19.5%
9/8/2020,North America,19.4%
10/8/2020,North America,19.4%
11/8/2020,North America,19.1%
12/8/2020,North America,18.5%
13/8/2020,North America,18.8%
14/8/2020,North America,15.8%
15/8/2020,North America,16.1%
16/8/2020,North America,16.0%
17/8/2020,North America,16.3%
18/8/2020,North America,16.3%
19/8/2020,North America,16.7%
20/8/2020,North America,16.5%
21/8/2020,North America,18.0%
22/8/2020,North America,17.7%
23/8/2020,North America,17.5%
24/8/2020,North America,17.4%
25/8/2020,North America,17.5%
26/8/2020,North America,17.3%
27/8/2020,North America,17.0%
28/8/2020,North America,17.2%
29/8/2020,North America,16.9%
30/8/2020,North America,17.0%
31/8/2020,North America,16.6%
1/9/2020,North America,16.8%
2/9/2020,North America,16.5%
3/9/2020,North America,16.1%
4/9/2020,North America,16.1%
5/9/2020,North America,16.1%
6/9/2020,North America,15.6%
7/9/2020,North America,13.9%
8/9/2020,North America,13.3%
9/9/2020,North America,12.3%
10/9/2020,North America,12.5%
11/9/2020,North America,12.3%
12/9/2020,North America,12.9%
13/9/2020,North America,12.8%
14/9/2020,North America,14.6%
15/9/2020,North America,14.9%
16/9/2020,North America,16.6%
17/9/2020,North America,16.2%
18/9/2020,North America,16.1%
19/9/2020,North America,15.3%
20/9/2020,North America,15.2%
21/9/2020,North America,14.9%
22/9/2020,North America,14.6%
23/9/2020,North America,13.7%
24/9/2020,North America,14.0%
25/9/2020,North America,14.0%
26/9/2020,North America,14.1%
27/9/2020,North America,14.2%
28/9/2020,North America,14.2%
29/9/2020,North America,14.2%
30/9/2020,North America,14.1%
1/10/2020,North America,13.8%
2/10/2020,North America,12.7%
3/10/2020,North America,12.8%
4/10/2020,North America,13.0%
5/10/2020,North America,13.4%
6/10/2020,North America,13.4%
7/10/2020,North America,13.1%
8/10/2020,North America,13.1%
9/10/2020,North America,13.2%
10/10/2020,North America,13.3%
11/10/2020,North America,12.9%
12/10/2020,North America,12.8%
13/10/2020,North America,12.8%
14/10/2020,North America,13.1%
15/10/2020,North America,13.2%
16/10/2020,North America,14.0%
17/10/2020,North America,13.6%
18/10/2020,North America,13.7%
19/10/2020,North America,13.7%
20/10/2020,North America,13.8%
21/10/2020,North America,13.7%
22/10/2020,North America,13.9%
23/10/2020,North America,13.9%
24/10/2020,North America,13.9%
25/10/2020,North America,14.4%
26/10/2020,North America,14.1%
27/10/2020,North America,13.9%
28/10/2020,North America,13.8%
29/10/2020,North America,13.3%
30/10/2020,North America,13.3%
31/10/2020,North America,13.3%
1/11/2020,North America,12.9%
2/11/2020,North America,13.0%
3/11/2020,North America,12.9%
4/11/2020,North America,12.5%
5/11/2020,North America,12.3%
6/11/2020,North America,12.4%
7/11/2020,North America,12.4%
8/11/2020,North America,12.5%
9/11/2020,North America,12.3%
10/11/2020,North America,12.3%
11/11/2020,North America,12.8%
12/11/2020,North America,14.2%
13/11/2020,North America,13.2%
14/11/2020,North America,14.2%
15/11/2020,North America,14.2%
16/11/2020,North America,14.4%
17/11/2020,North America,14.7%
18/11/2020,North America,14.6%
19/11/2020,North America,14.2%
20/11/2020,North America,15.9%
21/11/2020,North America,15.4%
22/11/2020,North America,15.8%
23/11/2020,North America,16.1%
24/11/2020,North America,15.9%
25/11/2020,North America,16.7%
26/11/2020,North America,17.0%
27/11/2020,North America,15.9%
28/11/2020,North America,15.7%
29/11/2020,North America,15.1%
30/11/2020,North America,14.9%
1/3/2020,Sub-Saharan Africa,0.0%
2/3/2020,Sub-Saharan Africa,0.0%
3/3/2020,Sub-Saharan Africa,0.0%
4/3/2020,Sub-Saharan Africa,0.0%
5/3/2020,Sub-Saharan Africa,0.0%
6/3/2020,Sub-Saharan Africa,0.0%
7/3/2020,Sub-Saharan Africa,0.0%
8/3/2020,Sub-Saharan Africa,0.0%
9/3/2020,Sub-Saharan Africa,0.0%
10/3/2020,Sub-Saharan Africa,0.0%
11/3/2020,Sub-Saharan Africa,0.0%
12/3/2020,Sub-Saharan Africa,0.0%
13/3/2020,Sub-Saharan Africa,0.0%
14/3/2020,Sub-Saharan Africa,0.0%
15/3/2020,Sub-Saharan Africa,0.0%
16/3/2020,Sub-Saharan Africa,0.0%
17/3/2020,Sub-Saharan Africa,0.0%
18/3/2020,Sub-Saharan Africa,0.0%
19/3/2020,Sub-Saharan Africa,0.0%
20/3/2020,Sub-Saharan Africa,0.0%
21/3/2020,Sub-Saharan Africa,0.1%
22/3/2020,Sub-Saharan Africa,0.1%
23/3/2020,Sub-Saharan Africa,0.1%
24/3/2020,Sub-Saharan Africa,0.1%
25/3/2020,Sub-Saharan Africa,0.2%
26/3/2020,Sub-Saharan Africa,0.1%
27/3/2020,Sub-Saharan Africa,0.1%
28/3/2020,Sub-Saharan Africa,0.1%
29/3/2020,Sub-Saharan Africa,0.2%
30/3/2020,Sub-Saharan Africa,0.2%
31/3/2020,Sub-Saharan Africa,0.2%
1/4/2020,Sub-Saharan Africa,0.2%
2/4/2020,Sub-Saharan Africa,0.2%
3/4/2020,Sub-Saharan Africa,0.2%
4/4/2020,Sub-Saharan Africa,0.2%
5/4/2020,Sub-Saharan Africa,0.2%
6/4/2020,Sub-Saharan Africa,0.2%
7/4/2020,Sub-Saharan Africa,0.2%
8/4/2020,Sub-Saharan Africa,0.2%
9/4/2020,Sub-Saharan Africa,0.2%
10/4/2020,Sub-Saharan Africa,0.2%
11/4/2020,Sub-Saharan Africa,0.2%
12/4/2020,Sub-Saharan Africa,0.2%
13/4/2020,Sub-Saharan Africa,0.1%
14/4/2020,Sub-Saharan Africa,0.2%
15/4/2020,Sub-Saharan Africa,0.2%
16/4/2020,Sub-Saharan Africa,0.2%
17/4/2020,Sub-Saharan Africa,0.2%
18/4/2020,Sub-Saharan Africa,0.2%
19/4/2020,Sub-Saharan Africa,0.2%
20/4/2020,Sub-Saharan Africa,0.3%
21/4/2020,Sub-Saharan Africa,0.3%
22/4/2020,Sub-Saharan Africa,0.3%
23/4/2020,Sub-Saharan Africa,0.3%
24/4/2020,Sub-Saharan Africa,0.3%
25/4/2020,Sub-Saharan Africa,0.4%
26/4/2020,Sub-Saharan Africa,0.4%
27/4/2020,Sub-Saharan Africa,0.4%
28/4/2020,Sub-Saharan Africa,0.4%
29/4/2020,Sub-Saharan Africa,0.4%
30/4/2020,Sub-Saharan Africa,0.4%
1/5/2020,Sub-Saharan Africa,0.4%
2/5/2020,Sub-Saharan Africa,0.5%
3/5/2020,Sub-Saharan Africa,0.6%
4/5/2020,Sub-Saharan Africa,0.5%
5/5/2020,Sub-Saharan Africa,0.6%
6/5/2020,Sub-Saharan Africa,0.7%
7/5/2020,Sub-Saharan Africa,0.8%
8/5/2020,Sub-Saharan Africa,0.8%
9/5/2020,Sub-Saharan Africa,0.9%
10/5/2020,Sub-Saharan Africa,0.9%
11/5/2020,Sub-Saharan Africa,1.0%
12/5/2020,Sub-Saharan Africa,1.0%
13/5/2020,Sub-Saharan Africa,1.0%
14/5/2020,Sub-Saharan Africa,1.0%
15/5/2020,Sub-Saharan Africa,1.1%
16/5/2020,Sub-Saharan Africa,1.0%
17/5/2020,Sub-Saharan Africa,1.0%
18/5/2020,Sub-Saharan Africa,1.0%
19/5/2020,Sub-Saharan Africa,1.0%
20/5/2020,Sub-Saharan Africa,1.1%
21/5/2020,Sub-Saharan Africa,1.1%
22/5/2020,Sub-Saharan Africa,1.2%
23/5/2020,Sub-Saharan Africa,1.2%
24/5/2020,Sub-Saharan Africa,1.3%
25/5/2020,Sub-Saharan Africa,1.3%
26/5/2020,Sub-Saharan Africa,1.5%
27/5/2020,Sub-Saharan Africa,1.7%
28/5/2020,Sub-Saharan Africa,1.7%
29/5/2020,Sub-Saharan Africa,1.7%
30/5/2020,Sub-Saharan Africa,1.8%
31/5/2020,Sub-Saharan Africa,2.0%
1/6/2020,Sub-Saharan Africa,2.2%
2/6/2020,Sub-Saharan Africa,2.1%
3/6/2020,Sub-Saharan Africa,2.0%
4/6/2020,Sub-Saharan Africa,1.9%
5/6/2020,Sub-Saharan Africa,2.1%
6/6/2020,Sub-Saharan Africa,2.1%
7/6/2020,Sub-Saharan Africa,2.1%
8/6/2020,Sub-Saharan Africa,2.0%
9/6/2020,Sub-Saharan Africa,2.2%
10/6/2020,Sub-Saharan Africa,2.3%
11/6/2020,Sub-Saharan Africa,2.5%
12/6/2020,Sub-Saharan Africa,2.6%
13/6/2020,Sub-Saharan Africa,2.9%
14/6/2020,Sub-Saharan Africa,3.0%
15/6/2020,Sub-Saharan Africa,3.2%
16/6/2020,Sub-Saharan Africa,3.1%
17/6/2020,Sub-Saharan Africa,3.0%
18/6/2020,Sub-Saharan Africa,3.0%
19/6/2020,Sub-Saharan Africa,2.7%
20/6/2020,Sub-Saharan Africa,2.7%
21/6/2020,Sub-Saharan Africa,2.7%
22/6/2020,Sub-Saharan Africa,2.6%
23/6/2020,Sub-Saharan Africa,2.6%
24/6/2020,Sub-Saharan Africa,2.8%
25/6/2020,Sub-Saharan Africa,2.9%
26/6/2020,Sub-Saharan Africa,3.0%
27/6/2020,Sub-Saharan Africa,2.7%
28/6/2020,Sub-Saharan Africa,2.6%
29/6/2020,Sub-Saharan Africa,2.7%
30/6/2020,Sub-Saharan Africa,2.7%
1/7/2020,Sub-Saharan Africa,2.6%
2/7/2020,Sub-Saharan Africa,2.7%
3/7/2020,Sub-Saharan Africa,2.9%
4/7/2020,Sub-Saharan Africa,3.0%
5/7/2020,Sub-Saharan Africa,3.0%
6/7/2020,Sub-Saharan Africa,3.4%
7/7/2020,Sub-Saharan Africa,3.5%
8/7/2020,Sub-Saharan Africa,3.8%
9/7/2020,Sub-Saharan Africa,3.7%
10/7/2020,Sub-Saharan Africa,3.7%
11/7/2020,Sub-Saharan Africa,3.9%
12/7/2020,Sub-Saharan Africa,3.9%
13/7/2020,Sub-Saharan Africa,3.7%
14/7/2020,Sub-Saharan Africa,3.6%
15/7/2020,Sub-Saharan Africa,3.5%
16/7/2020,Sub-Saharan Africa,3.6%
17/7/2020,Sub-Saharan Africa,3.9%
18/7/2020,Sub-Saharan Africa,3.6%
19/7/2020,Sub-Saharan Africa,3.7%
20/7/2020,Sub-Saharan Africa,3.7%
21/7/2020,Sub-Saharan Africa,3.9%
22/7/2020,Sub-Saharan Africa,3.8%
23/7/2020,Sub-Saharan Africa,4.9%
24/7/2020,Sub-Saharan Africa,4.3%
25/7/2020,Sub-Saharan Africa,4.7%
26/7/2020,Sub-Saharan Africa,5.0%
27/7/2020,Sub-Saharan Africa,5.1%
28/7/2020,Sub-Saharan Africa,5.4%
29/7/2020,Sub-Saharan Africa,5.4%
30/7/2020,Sub-Saharan Africa,4.6%
31/7/2020,Sub-Saharan Africa,5.4%
1/8/2020,Sub-Saharan Africa,5.4%
2/8/2020,Sub-Saharan Africa,5.1%
3/8/2020,Sub-Saharan Africa,5.2%
4/8/2020,Sub-Saharan Africa,5.1%
5/8/2020,Sub-Saharan Africa,5.5%
6/8/2020,Sub-Saharan Africa,5.8%
7/8/2020,Sub-Saharan Africa,5.8%
8/8/2020,Sub-Saharan Africa,6.0%
9/8/2020,Sub-Saharan Africa,6.3%
10/8/2020,Sub-Saharan Africa,6.3%
11/8/2020,Sub-Saharan Africa,6.1%
12/8/2020,Sub-Saharan Africa,5.7%
13/8/2020,Sub-Saharan Africa,5.4%
14/8/2020,Sub-Saharan Africa,4.9%
15/8/2020,Sub-Saharan Africa,4.9%
16/8/2020,Sub-Saharan Africa,4.5%
17/8/2020,Sub-Saharan Africa,4.5%
18/8/2020,Sub-Saharan Africa,4.4%
19/8/2020,Sub-Saharan Africa,4.6%
20/8/2020,Sub-Saharan Africa,4.5%
21/8/2020,Sub-Saharan Africa,4.7%
22/8/2020,Sub-Saharan Africa,4.5%
23/8/2020,Sub-Saharan Africa,4.6%
24/8/2020,Sub-Saharan Africa,4.3%
25/8/2020,Sub-Saharan Africa,4.2%
26/8/2020,Sub-Saharan Africa,3.9%
27/8/2020,Sub-Saharan Africa,3.9%
28/8/2020,Sub-Saharan Africa,3.6%
29/8/2020,Sub-Saharan Africa,3.4%
30/8/2020,Sub-Saharan Africa,3.6%
31/8/2020,Sub-Saharan Africa,3.5%
1/9/2020,Sub-Saharan Africa,3.5%
2/9/2020,Sub-Saharan Africa,3.4%
3/9/2020,Sub-Saharan Africa,3.2%
4/9/2020,Sub-Saharan Africa,3.3%
5/9/2020,Sub-Saharan Africa,3.3%
6/9/2020,Sub-Saharan Africa,3.0%
7/9/2020,Sub-Saharan Africa,2.8%
8/9/2020,Sub-Saharan Africa,2.8%
9/9/2020,Sub-Saharan Africa,2.8%
10/9/2020,Sub-Saharan Africa,2.7%
11/9/2020,Sub-Saharan Africa,2.5%
12/9/2020,Sub-Saharan Africa,2.5%
13/9/2020,Sub-Saharan Africa,2.4%
14/9/2020,Sub-Saharan Africa,2.4%
15/9/2020,Sub-Saharan Africa,2.2%
16/9/2020,Sub-Saharan Africa,2.2%
17/9/2020,Sub-Saharan Africa,2.2%
18/9/2020,Sub-Saharan Africa,2.2%
19/9/2020,Sub-Saharan Africa,2.1%
20/9/2020,Sub-Saharan Africa,2.1%
21/9/2020,Sub-Saharan Africa,2.1%
22/9/2020,Sub-Saharan Africa,2.0%
23/9/2020,Sub-Saharan Africa,2.0%
24/9/2020,Sub-Saharan Africa,2.0%
25/9/2020,Sub-Saharan Africa,2.0%
26/9/2020,Sub-Saharan Africa,1.9%
27/9/2020,Sub-Saharan Africa,1.8%
28/9/2020,Sub-Saharan Africa,1.8%
29/9/2020,Sub-Saharan Africa,2.3%
30/9/2020,Sub-Saharan Africa,2.1%
1/10/2020,Sub-Saharan Africa,2.0%
2/10/2020,Sub-Saharan Africa,2.0%
3/10/2020,Sub-Saharan Africa,2.0%
4/10/2020,Sub-Saharan Africa,1.9%
5/10/2020,Sub-Saharan Africa,1.9%
6/10/2020,Sub-Saharan Africa,1.5%
7/10/2020,Sub-Saharan Africa,1.6%
8/10/2020,Sub-Saharan Africa,1.8%
9/10/2020,Sub-Saharan Africa,1.9%
10/10/2020,Sub-Saharan Africa,2.1%
11/10/2020,Sub-Saharan Africa,2.4%
12/10/2020,Sub-Saharan Africa,2.6%
13/10/2020,Sub-Saharan Africa,2.6%
14/10/2020,Sub-Saharan Africa,2.9%
15/10/2020,Sub-Saharan Africa,2.9%
16/10/2020,Sub-Saharan Africa,3.1%
17/10/2020,Sub-Saharan Africa,3.0%
18/10/2020,Sub-Saharan Africa,2.7%
19/10/2020,Sub-Saharan Africa,2.5%
20/10/2020,Sub-Saharan Africa,2.5%
21/10/2020,Sub-Saharan Africa,2.2%
22/10/2020,Sub-Saharan Africa,2.1%
23/10/2020,Sub-Saharan Africa,2.0%
24/10/2020,Sub-Saharan Africa,1.9%
25/10/2020,Sub-Saharan Africa,2.0%
26/10/2020,Sub-Saharan Africa,1.8%
27/10/2020,Sub-Saharan Africa,1.9%
28/10/2020,Sub-Saharan Africa,1.6%
29/10/2020,Sub-Saharan Africa,1.4%
30/10/2020,Sub-Saharan Africa,1.3%
31/10/2020,Sub-Saharan Africa,1.4%
1/11/2020,Sub-Saharan Africa,1.3%
2/11/2020,Sub-Saharan Africa,1.5%
3/11/2020,Sub-Saharan Africa,1.5%
4/11/2020,Sub-Saharan Africa,1.5%
5/11/2020,Sub-Saharan Africa,1.5%
6/11/2020,Sub-Saharan Africa,1.5%
7/11/2020,Sub-Saharan Africa,1.5%
8/11/2020,Sub-Saharan Africa,1.4%
9/11/2020,Sub-Saharan Africa,1.6%
10/11/2020,Sub-Saharan Africa,1.6%
11/11/2020,Sub-Saharan Africa,1.6%
12/11/2020,Sub-Saharan Africa,1.6%
13/11/2020,Sub-Saharan Africa,1.6%
14/11/2020,Sub-Saharan Africa,1.6%
15/11/2020,Sub-Saharan Africa,1.6%
16/11/2020,Sub-Saharan Africa,1.2%
17/11/2020,Sub-Saharan Africa,1.2%
18/11/2020,Sub-Saharan Africa,1.3%
19/11/2020,Sub-Saharan Africa,1.4%
20/11/2020,Sub-Saharan Africa,1.4%
21/11/2020,Sub-Saharan Africa,1.4%
22/11/2020,Sub-Saharan Africa,1.5%
23/11/2020,Sub-Saharan Africa,1.5%
24/11/2020,Sub-Saharan Africa,1.5%
25/11/2020,Sub-Saharan Africa,1.4%
26/11/2020,Sub-Saharan Africa,1.3%
27/11/2020,Sub-Saharan Africa,1.3%
28/11/2020,Sub-Saharan Africa,1.3%
29/11/2020,Sub-Saharan Africa,1.2%
30/11/2020,Sub-Saharan Africa,1.2%
1/3/2020,Western Europe,5.5%
2/3/2020,Western Europe,8.3%
3/3/2020,Western Europe,11.8%
4/3/2020,Western Europe,16.7%
5/3/2020,Western Europe,20.6%
6/3/2020,Western Europe,26.9%
7/3/2020,Western Europe,33.9%
8/3/2020,Western Europe,36.6%
9/3/2020,Western Europe,46.9%
10/3/2020,Western Europe,53.0%
11/3/2020,Western Europe,58.0%
12/3/2020,Western Europe,62.7%
13/3/2020,Western Europe,65.6%
14/3/2020,Western Europe,67.6%
15/3/2020,Western Europe,68.6%
16/3/2020,Western Europe,72.1%
17/3/2020,Western Europe,72.5%
18/3/2020,Western Europe,73.6%
19/3/2020,Western Europe,74.5%
20/3/2020,Western Europe,76.3%
21/3/2020,Western Europe,76.8%
22/3/2020,Western Europe,78.9%
23/3/2020,Western Europe,78.8%
24/3/2020,Western Europe,79.9%
25/3/2020,Western Europe,80.5%
26/3/2020,Western Europe,80.9%
27/3/2020,Western Europe,80.7%
28/3/2020,Western Europe,80.7%
29/3/2020,Western Europe,79.7%
30/3/2020,Western Europe,79.8%
31/3/2020,Western Europe,78.6%
1/4/2020,Western Europe,77.0%
2/4/2020,Western Europe,74.9%
3/4/2020,Western Europe,73.8%
4/4/2020,Western Europe,73.8%
5/4/2020,Western Europe,72.0%
6/4/2020,Western Europe,70.1%
7/4/2020,Western Europe,68.7%
8/4/2020,Western Europe,67.7%
9/4/2020,Western Europe,66.3%
10/4/2020,Western Europe,65.2%
11/4/2020,Western Europe,62.5%
12/4/2020,Western Europe,61.2%
13/4/2020,Western Europe,60.4%
14/4/2020,Western Europe,59.7%
15/4/2020,Western Europe,58.0%
16/4/2020,Western Europe,54.8%
17/4/2020,Western Europe,52.0%
18/4/2020,Western Europe,49.7%
19/4/2020,Western Europe,49.4%
20/4/2020,Western Europe,48.4%
21/4/2020,Western Europe,47.5%
22/4/2020,Western Europe,46.8%
23/4/2020,Western Europe,48.1%
24/4/2020,Western Europe,46.9%
25/4/2020,Western Europe,48.6%
26/4/2020,Western Europe,47.1%
27/4/2020,Western Europe,46.1%
28/4/2020,Western Europe,45.6%
29/4/2020,Western Europe,44.2%
30/4/2020,Western Europe,42.0%
1/5/2020,Western Europe,41.8%
2/5/2020,Western Europe,39.0%
3/5/2020,Western Europe,38.0%
4/5/2020,Western Europe,37.6%
5/5/2020,Western Europe,36.2%
6/5/2020,Western Europe,34.7%
7/5/2020,Western Europe,33.7%
8/5/2020,Western Europe,32.3%
9/5/2020,Western Europe,32.1%
10/5/2020,Western Europe,30.2%
11/5/2020,Western Europe,29.5%
12/5/2020,Western Europe,29.1%
13/5/2020,Western Europe,28.3%
14/5/2020,Western Europe,27.2%
15/5/2020,Western Europe,27.1%
16/5/2020,Western Europe,25.2%
17/5/2020,Western Europe,25.3%
18/5/2020,Western Europe,24.7%
19/5/2020,Western Europe,23.6%
20/5/2020,Western Europe,22.4%
21/5/2020,Western Europe,21.5%
22/5/2020,Western Europe,21.4%
23/5/2020,Western Europe,20.5%
24/5/2020,Western Europe,19.7%
25/5/2020,Western Europe,19.9%
26/5/2020,Western Europe,19.8%
27/5/2020,Western Europe,18.4%
28/5/2020,Western Europe,17.8%
29/5/2020,Western Europe,15.8%
30/5/2020,Western Europe,15.3%
31/5/2020,Western Europe,14.6%
1/6/2020,Western Europe,13.6%
2/6/2020,Western Europe,12.3%
3/6/2020,Western Europe,12.2%
4/6/2020,Western Europe,11.1%
5/6/2020,Western Europe,10.0%
6/6/2020,Western Europe,9.8%
7/6/2020,Western Europe,9.4%
8/6/2020,Western Europe,9.0%
9/6/2020,Western Europe,9.0%
10/6/2020,Western Europe,8.7%
11/6/2020,Western Europe,8.2%
12/6/2020,Western Europe,7.9%
13/6/2020,Western Europe,7.2%
14/6/2020,Western Europe,6.8%
15/6/2020,Western Europe,6.7%
16/6/2020,Western Europe,6.2%
17/6/2020,Western Europe,5.5%
18/6/2020,Western Europe,5.2%
19/6/2020,Western Europe,8.5%
20/6/2020,Western Europe,8.1%
21/6/2020,Western Europe,7.9%
22/6/2020,Western Europe,7.6%
23/6/2020,Western Europe,7.6%
24/6/2020,Western Europe,7.5%
25/6/2020,Western Europe,7.2%
26/6/2020,Western Europe,3.6%
27/6/2020,Western Europe,3.5%
28/6/2020,Western Europe,3.3%
29/6/2020,Western Europe,3.3%
30/6/2020,Western Europe,3.2%
1/7/2020,Western Europe,3.0%
2/7/2020,Western Europe,3.1%
3/7/2020,Western Europe,3.0%
4/7/2020,Western Europe,2.8%
5/7/2020,Western Europe,2.8%
6/7/2020,Western Europe,2.7%
7/7/2020,Western Europe,2.6%
8/7/2020,Western Europe,2.5%
9/7/2020,Western Europe,2.3%
10/7/2020,Western Europe,2.2%
11/7/2020,Western Europe,2.1%
12/7/2020,Western Europe,1.9%
13/7/2020,Western Europe,1.9%
14/7/2020,Western Europe,1.8%
15/7/2020,Western Europe,1.7%
16/7/2020,Western Europe,1.7%
17/7/2020,Western Europe,1.7%
18/7/2020,Western Europe,1.6%
19/7/2020,Western Europe,1.5%
20/7/2020,Western Europe,1.5%
21/7/2020,Western Europe,1.4%
22/7/2020,Western Europe,1.4%
23/7/2020,Western Europe,1.1%
24/7/2020,Western Europe,0.9%
25/7/2020,Western Europe,0.9%
26/7/2020,Western Europe,0.9%
27/7/2020,Western Europe,0.9%
28/7/2020,Western Europe,0.8%
29/7/2020,Western Europe,0.8%
30/7/2020,Western Europe,0.9%
31/7/2020,Western Europe,0.9%
1/8/2020,Western Europe,0.8%
2/8/2020,Western Europe,0.8%
3/8/2020,Western Europe,0.9%
4/8/2020,Western Europe,1.0%
5/8/2020,Western Europe,1.0%
6/8/2020,Western Europe,0.9%
7/8/2020,Western Europe,1.0%
8/8/2020,Western Europe,1.0%
9/8/2020,Western Europe,1.0%
10/8/2020,Western Europe,1.0%
11/8/2020,Western Europe,1.0%
12/8/2020,Western Europe,1.1%
13/8/2020,Western Europe,1.2%
14/8/2020,Western Europe,1.2%
15/8/2020,Western Europe,1.2%
16/8/2020,Western Europe,1.5%
17/8/2020,Western Europe,1.5%
18/8/2020,Western Europe,1.5%
19/8/2020,Western Europe,1.8%
20/8/2020,Western Europe,1.8%
21/8/2020,Western Europe,1.9%
22/8/2020,Western Europe,1.9%
23/8/2020,Western Europe,1.5%
24/8/2020,Western Europe,1.6%
25/8/2020,Western Europe,1.6%
26/8/2020,Western Europe,1.4%
27/8/2020,Western Europe,1.4%
28/8/2020,Western Europe,1.4%
29/8/2020,Western Europe,1.4%
30/8/2020,Western Europe,1.4%
31/8/2020,Western Europe,1.5%
1/9/2020,Western Europe,1.5%
2/9/2020,Western Europe,1.6%
3/9/2020,Western Europe,1.6%
4/9/2020,Western Europe,2.0%
5/9/2020,Western Europe,2.0%
6/9/2020,Western Europe,2.0%
7/9/2020,Western Europe,1.8%
8/9/2020,Western Europe,1.9%
9/9/2020,Western Europe,2.0%
10/9/2020,Western Europe,2.1%
11/9/2020,Western Europe,1.9%
12/9/2020,Western Europe,2.1%
13/9/2020,Western Europe,2.1%
14/9/2020,Western Europe,2.4%
15/9/2020,Western Europe,2.7%
16/9/2020,Western Europe,3.1%
17/9/2020,Western Europe,3.5%
18/9/2020,Western Europe,3.8%
19/9/2020,Western Europe,4.1%
20/9/2020,Western Europe,4.2%
21/9/2020,Western Europe,4.5%
22/9/2020,Western Europe,4.8%
23/9/2020,Western Europe,4.8%
24/9/2020,Western Europe,4.6%
25/9/2020,Western Europe,4.8%
26/9/2020,Western Europe,4.9%
27/9/2020,Western Europe,5.0%
28/9/2020,Western Europe,5.1%
29/9/2020,Western Europe,5.1%
30/9/2020,Western Europe,5.4%
1/10/2020,Western Europe,5.9%
2/10/2020,Western Europe,5.5%
3/10/2020,Western Europe,5.6%
4/10/2020,Western Europe,5.7%
5/10/2020,Western Europe,5.7%
6/10/2020,Western Europe,5.8%
7/10/2020,Western Europe,5.7%
8/10/2020,Western Europe,5.8%
9/10/2020,Western Europe,6.2%
10/10/2020,Western Europe,6.2%
11/10/2020,Western Europe,6.3%
12/10/2020,Western Europe,6.7%
13/10/2020,Western Europe,6.6%
14/10/2020,Western Europe,7.4%
15/10/2020,Western Europe,7.8%
16/10/2020,Western Europe,8.9%
17/10/2020,Western Europe,9.4%
18/10/2020,Western Europe,9.7%
19/10/2020,Western Europe,10.0%
20/10/2020,Western Europe,10.6%
21/10/2020,Western Europe,11.1%
22/10/2020,Western Europe,11.6%
23/10/2020,Western Europe,12.3%
24/10/2020,Western Europe,13.1%
25/10/2020,Western Europe,13.8%
26/10/2020,Western Europe,14.4%
27/10/2020,Western Europe,15.0%
28/10/2020,Western Europe,16.4%
29/10/2020,Western Europe,17.4%
30/10/2020,Western Europe,18.0%
31/10/2020,Western Europe,19.0%
1/11/2020,Western Europe,19.9%
2/11/2020,Western Europe,20.5%
3/11/2020,Western Europe,21.3%
4/11/2020,Western Europe,24.7%
5/11/2020,Western Europe,25.6%
6/11/2020,Western Europe,26.4%
7/11/2020,Western Europe,27.1%
8/11/2020,Western Europe,27.4%
9/11/2020,Western Europe,27.7%
10/11/2020,Western Europe,28.3%
11/11/2020,Western Europe,27.6%
12/11/2020,Western Europe,27.7%
13/11/2020,Western Europe,28.4%
14/11/2020,Western Europe,28.2%
15/11/2020,Western Europe,28.0%
16/11/2020,Western Europe,28.3%
17/11/2020,Western Europe,28.3%
18/11/2020,Western Europe,28.5%
19/11/2020,Western Europe,28.5%
20/11/2020,Western Europe,27.9%
21/11/2020,Western Europe,28.0%
22/11/2020,Western Europe,28.1%
23/11/2020,Western Europe,27.8%
24/11/2020,Western Europe,28.3%
25/11/2020,Western Europe,27.9%
26/11/2020,Western Europe,27.7%
27/11/2020,Western Europe,28.0%
28/11/2020,Western Europe,28.9%
29/11/2020,Western Europe,28.7%
30/11/2020,Western Europe,28.4%